Target,Subject,Phases,Classifier,Oversampling,Features,Grid search params space,Support,Test set ratio,Support (test),Oversampling,Duration,Y strategy,Y nb classes,Best Params
Co-Presence,Doctor+Agent,No Phase-A,RF,None,"Index([u'Duration', u'Expert', u'Avg_AnswersDelay_Mid', u'Avg_IPUlen_Mid',
       u'Avg_MeanMeanAngularSpeed_Hand_Mid', u'Avg_SentenceLength_Mid',
       u'Avg_StdMeanAngularSpeed_Hand_Mid', u'MeanMeanAngularSpeed_Head_Mid',
       u'Ratio1_Mid', u'Ratio2_Mid', u'StdMeanAngularSpeed_Head_Mid',
       u'Avg_AnswersDelay_Mid_agent', u'Avg_IPUlen_Mid_agent',
       u'Avg_MeanMeanAngularSpeed_Hand_Mid_agent',
       u'Avg_SentenceLength_Mid_agent',
       u'Avg_StdMeanAngularSpeed_Hand_Mid_agent',
       u'MeanMeanAngularSpeed_Head_Mid_agent', u'Ratio1_Mid_agent',
       u'Ratio2_Mid_agent', u'StdMeanAngularSpeed_Head_Mid_agent'],
      dtype='object')","{'min_samples_leaf': [1, 0.05], 'n_estimators': [150], 'min_samples_split': [2, 0.2], 'criterion': ['gini'], 'max_features': ['sqrt', 0.5, None], 'max_depth': [None, 1, 2]}","(array([0, 1, 2]), array([13, 43, 30]))",0.1,"(array([0, 1, 2]), array([1, 4, 3]))",None,3260.2029230594635,uniform,3,"{'min_samples_leaf': 1, 'n_estimators': 150, 'min_samples_split': 2, 'criterion': 'gini', 'max_features': 'sqrt', 'max_depth': None}"
Co-Presence,Doctor+Agent,No Phase-A,RF,imb_random,"Index([u'Duration', u'Expert', u'Avg_AnswersDelay_Mid', u'Avg_IPUlen_Mid',
       u'Avg_MeanMeanAngularSpeed_Hand_Mid', u'Avg_SentenceLength_Mid',
       u'Avg_StdMeanAngularSpeed_Hand_Mid', u'MeanMeanAngularSpeed_Head_Mid',
       u'Ratio1_Mid', u'Ratio2_Mid', u'StdMeanAngularSpeed_Head_Mid',
       u'Avg_AnswersDelay_Mid_agent', u'Avg_IPUlen_Mid_agent',
       u'Avg_MeanMeanAngularSpeed_Hand_Mid_agent',
       u'Avg_SentenceLength_Mid_agent',
       u'Avg_StdMeanAngularSpeed_Hand_Mid_agent',
       u'MeanMeanAngularSpeed_Head_Mid_agent', u'Ratio1_Mid_agent',
       u'Ratio2_Mid_agent', u'StdMeanAngularSpeed_Head_Mid_agent'],
      dtype='object')","{'min_samples_leaf': [1, 0.05], 'n_estimators': [150], 'min_samples_split': [2, 0.2], 'criterion': ['gini'], 'max_features': ['sqrt', 0.5, None], 'max_depth': [None, 1, 2]}","(array([0, 1, 2]), array([43, 43, 43]))",0.1,"(array([0, 1, 2]), array([1, 4, 3]))",imb_random,3250.6032299995422,uniform,3,"{'min_samples_leaf': 1, 'n_estimators': 150, 'min_samples_split': 2, 'criterion': 'gini', 'max_features': 'sqrt', 'max_depth': None}"
Co-Presence,Doctor+Agent,No Phase-A,RF,imb_smotenc,"Index([u'Duration', u'Expert', u'Avg_AnswersDelay_Mid', u'Avg_IPUlen_Mid',
       u'Avg_MeanMeanAngularSpeed_Hand_Mid', u'Avg_SentenceLength_Mid',
       u'Avg_StdMeanAngularSpeed_Hand_Mid', u'MeanMeanAngularSpeed_Head_Mid',
       u'Ratio1_Mid', u'Ratio2_Mid', u'StdMeanAngularSpeed_Head_Mid',
       u'Avg_AnswersDelay_Mid_agent', u'Avg_IPUlen_Mid_agent',
       u'Avg_MeanMeanAngularSpeed_Hand_Mid_agent',
       u'Avg_SentenceLength_Mid_agent',
       u'Avg_StdMeanAngularSpeed_Hand_Mid_agent',
       u'MeanMeanAngularSpeed_Head_Mid_agent', u'Ratio1_Mid_agent',
       u'Ratio2_Mid_agent', u'StdMeanAngularSpeed_Head_Mid_agent'],
      dtype='object')","{'min_samples_leaf': [1, 0.05], 'n_estimators': [150], 'min_samples_split': [2, 0.2], 'criterion': ['gini'], 'max_features': ['sqrt', 0.5, None], 'max_depth': [None, 1, 2]}","(array([0, 1, 2]), array([43, 43, 43]))",0.1,"(array([0, 1, 2]), array([1, 4, 3]))",imb_smotenc,3267.5063631534576,uniform,3,"{'min_samples_leaf': 1, 'n_estimators': 150, 'min_samples_split': 2, 'criterion': 'gini', 'max_features': 'sqrt', 'max_depth': None}"
Co-Presence,Doctor+Agent,157015-A,RF,None,"Index([u'Duration', u'Expert', u'Avg_AnswersDelay_Begin',
       u'Avg_AnswersDelay_Mid', u'Avg_AnswersDelay_End', u'Avg_IPUlen_Begin',
       u'Avg_IPUlen_Mid', u'Avg_IPUlen_End',
       u'Avg_MeanMeanAngularSpeed_Hand_Start',
       u'Avg_MeanMeanAngularSpeed_Hand_Mid',
       u'Avg_MeanMeanAngularSpeed_Hand_End', u'Avg_SentenceLength_Begin',
       u'Avg_SentenceLength_Mid', u'Avg_SentenceLength_End',
       u'Avg_StdMeanAngularSpeed_Hand_Start',
       u'Avg_StdMeanAngularSpeed_Hand_Mid',
       u'Avg_StdMeanAngularSpeed_Hand_End', u'MeanMeanAngularSpeed_Head_Start',
       u'MeanMeanAngularSpeed_Head_Mid', u'MeanMeanAngularSpeed_Head_End',
       u'Ratio1_Begin', u'Ratio1_Mid', u'Ratio1_End', u'Ratio2_Begin',
       u'Ratio2_Mid', u'Ratio2_End', u'StdMeanAngularSpeed_Head_Start',
       u'StdMeanAngularSpeed_Head_Mid', u'StdMeanAngularSpeed_Head_End',
       u'Avg_AnswersDelay_Begin_agent', u'Avg_AnswersDelay_Mid_agent',
       u'Avg_AnswersDelay_End_agent', u'Avg_IPUlen_Begin_agent',
       u'Avg_IPUlen_Mid_agent', u'Avg_IPUlen_End_agent',
       u'Avg_MeanMeanAngularSpeed_Hand_Start_agent',
       u'Avg_MeanMeanAngularSpeed_Hand_Mid_agent',
       u'Avg_MeanMeanAngularSpeed_Hand_End_agent',
       u'Avg_SentenceLength_Begin_agent', u'Avg_SentenceLength_Mid_agent',
       u'Avg_SentenceLength_End_agent',
       u'Avg_StdMeanAngularSpeed_Hand_Start_agent',
       u'Avg_StdMeanAngularSpeed_Hand_Mid_agent',
       u'Avg_StdMeanAngularSpeed_Hand_End_agent',
       u'MeanMeanAngularSpeed_Head_Start_agent',
       u'MeanMeanAngularSpeed_Head_Mid_agent',
       u'MeanMeanAngularSpeed_Head_End_agent', u'Ratio1_Begin_agent',
       u'Ratio1_Mid_agent', u'Ratio1_End_agent', u'Ratio2_Begin_agent',
       u'Ratio2_Mid_agent', u'Ratio2_End_agent',
       u'StdMeanAngularSpeed_Head_Start_agent',
       u'StdMeanAngularSpeed_Head_Mid_agent',
       u'StdMeanAngularSpeed_Head_End_agent'],
      dtype='object')","{'min_samples_leaf': [1, 0.05], 'n_estimators': [150], 'min_samples_split': [2, 0.2], 'criterion': ['gini'], 'max_features': ['sqrt', 0.5, None], 'max_depth': [None, 1, 2]}","(array([0, 1, 2]), array([13, 43, 30]))",0.1,"(array([0, 1, 2]), array([1, 4, 3]))",None,3375.6866960525513,uniform,3,"{'min_samples_leaf': 1, 'n_estimators': 150, 'min_samples_split': 0.2, 'criterion': 'gini', 'max_features': None, 'max_depth': None}"
Co-Presence,Doctor+Agent,157015-A,RF,imb_random,"Index([u'Duration', u'Expert', u'Avg_AnswersDelay_Begin',
       u'Avg_AnswersDelay_Mid', u'Avg_AnswersDelay_End', u'Avg_IPUlen_Begin',
       u'Avg_IPUlen_Mid', u'Avg_IPUlen_End',
       u'Avg_MeanMeanAngularSpeed_Hand_Start',
       u'Avg_MeanMeanAngularSpeed_Hand_Mid',
       u'Avg_MeanMeanAngularSpeed_Hand_End', u'Avg_SentenceLength_Begin',
       u'Avg_SentenceLength_Mid', u'Avg_SentenceLength_End',
       u'Avg_StdMeanAngularSpeed_Hand_Start',
       u'Avg_StdMeanAngularSpeed_Hand_Mid',
       u'Avg_StdMeanAngularSpeed_Hand_End', u'MeanMeanAngularSpeed_Head_Start',
       u'MeanMeanAngularSpeed_Head_Mid', u'MeanMeanAngularSpeed_Head_End',
       u'Ratio1_Begin', u'Ratio1_Mid', u'Ratio1_End', u'Ratio2_Begin',
       u'Ratio2_Mid', u'Ratio2_End', u'StdMeanAngularSpeed_Head_Start',
       u'StdMeanAngularSpeed_Head_Mid', u'StdMeanAngularSpeed_Head_End',
       u'Avg_AnswersDelay_Begin_agent', u'Avg_AnswersDelay_Mid_agent',
       u'Avg_AnswersDelay_End_agent', u'Avg_IPUlen_Begin_agent',
       u'Avg_IPUlen_Mid_agent', u'Avg_IPUlen_End_agent',
       u'Avg_MeanMeanAngularSpeed_Hand_Start_agent',
       u'Avg_MeanMeanAngularSpeed_Hand_Mid_agent',
       u'Avg_MeanMeanAngularSpeed_Hand_End_agent',
       u'Avg_SentenceLength_Begin_agent', u'Avg_SentenceLength_Mid_agent',
       u'Avg_SentenceLength_End_agent',
       u'Avg_StdMeanAngularSpeed_Hand_Start_agent',
       u'Avg_StdMeanAngularSpeed_Hand_Mid_agent',
       u'Avg_StdMeanAngularSpeed_Hand_End_agent',
       u'MeanMeanAngularSpeed_Head_Start_agent',
       u'MeanMeanAngularSpeed_Head_Mid_agent',
       u'MeanMeanAngularSpeed_Head_End_agent', u'Ratio1_Begin_agent',
       u'Ratio1_Mid_agent', u'Ratio1_End_agent', u'Ratio2_Begin_agent',
       u'Ratio2_Mid_agent', u'Ratio2_End_agent',
       u'StdMeanAngularSpeed_Head_Start_agent',
       u'StdMeanAngularSpeed_Head_Mid_agent',
       u'StdMeanAngularSpeed_Head_End_agent'],
      dtype='object')","{'min_samples_leaf': [1, 0.05], 'n_estimators': [150], 'min_samples_split': [2, 0.2], 'criterion': ['gini'], 'max_features': ['sqrt', 0.5, None], 'max_depth': [None, 1, 2]}","(array([0, 1, 2]), array([43, 43, 43]))",0.1,"(array([0, 1, 2]), array([1, 4, 3]))",imb_random,3407.644033908844,uniform,3,"{'min_samples_leaf': 1, 'n_estimators': 150, 'min_samples_split': 2, 'criterion': 'gini', 'max_features': 'sqrt', 'max_depth': None}"
Co-Presence,Doctor+Agent,157015-A,RF,imb_smotenc,"Index([u'Duration', u'Expert', u'Avg_AnswersDelay_Begin',
       u'Avg_AnswersDelay_Mid', u'Avg_AnswersDelay_End', u'Avg_IPUlen_Begin',
       u'Avg_IPUlen_Mid', u'Avg_IPUlen_End',
       u'Avg_MeanMeanAngularSpeed_Hand_Start',
       u'Avg_MeanMeanAngularSpeed_Hand_Mid',
       u'Avg_MeanMeanAngularSpeed_Hand_End', u'Avg_SentenceLength_Begin',
       u'Avg_SentenceLength_Mid', u'Avg_SentenceLength_End',
       u'Avg_StdMeanAngularSpeed_Hand_Start',
       u'Avg_StdMeanAngularSpeed_Hand_Mid',
       u'Avg_StdMeanAngularSpeed_Hand_End', u'MeanMeanAngularSpeed_Head_Start',
       u'MeanMeanAngularSpeed_Head_Mid', u'MeanMeanAngularSpeed_Head_End',
       u'Ratio1_Begin', u'Ratio1_Mid', u'Ratio1_End', u'Ratio2_Begin',
       u'Ratio2_Mid', u'Ratio2_End', u'StdMeanAngularSpeed_Head_Start',
       u'StdMeanAngularSpeed_Head_Mid', u'StdMeanAngularSpeed_Head_End',
       u'Avg_AnswersDelay_Begin_agent', u'Avg_AnswersDelay_Mid_agent',
       u'Avg_AnswersDelay_End_agent', u'Avg_IPUlen_Begin_agent',
       u'Avg_IPUlen_Mid_agent', u'Avg_IPUlen_End_agent',
       u'Avg_MeanMeanAngularSpeed_Hand_Start_agent',
       u'Avg_MeanMeanAngularSpeed_Hand_Mid_agent',
       u'Avg_MeanMeanAngularSpeed_Hand_End_agent',
       u'Avg_SentenceLength_Begin_agent', u'Avg_SentenceLength_Mid_agent',
       u'Avg_SentenceLength_End_agent',
       u'Avg_StdMeanAngularSpeed_Hand_Start_agent',
       u'Avg_StdMeanAngularSpeed_Hand_Mid_agent',
       u'Avg_StdMeanAngularSpeed_Hand_End_agent',
       u'MeanMeanAngularSpeed_Head_Start_agent',
       u'MeanMeanAngularSpeed_Head_Mid_agent',
       u'MeanMeanAngularSpeed_Head_End_agent', u'Ratio1_Begin_agent',
       u'Ratio1_Mid_agent', u'Ratio1_End_agent', u'Ratio2_Begin_agent',
       u'Ratio2_Mid_agent', u'Ratio2_End_agent',
       u'StdMeanAngularSpeed_Head_Start_agent',
       u'StdMeanAngularSpeed_Head_Mid_agent',
       u'StdMeanAngularSpeed_Head_End_agent'],
      dtype='object')","{'min_samples_leaf': [1, 0.05], 'n_estimators': [150], 'min_samples_split': [2, 0.2], 'criterion': ['gini'], 'max_features': ['sqrt', 0.5, None], 'max_depth': [None, 1, 2]}","(array([0, 1, 2]), array([43, 43, 43]))",0.1,"(array([0, 1, 2]), array([1, 4, 3]))",imb_smotenc,3425.2278900146484,uniform,3,"{'min_samples_leaf': 1, 'n_estimators': 150, 'min_samples_split': 2, 'criterion': 'gini', 'max_features': 'sqrt', 'max_depth': None}"
