Target,Subject,Mode,Classifier,Oversampling,Features,Grid search params space,Support,Test set ratio,Support (test),Oversampling,Duration,Y strategy,Y nb classes,Best Params
Co-Presence,Doctor,Verbal,RF,imb_smotenc,"Index([u'Avg_AnswersDelay_Mid', u'Avg_IPUlen_Mid', u'Avg_SentenceLength_Mid',
       u'Ratio1_Mid', u'Ratio2_Mid'],
      dtype='object')","{'min_samples_leaf': [1, 0.05], 'n_estimators': [150], 'min_samples_split': [2, 0.2], 'criterion': ['gini'], 'max_features': ['sqrt', 0.5, None], 'max_depth': [None, 1, 2]}","(array([0, 1, 2]), array([43, 43, 43]))",0.1,"(array([0, 1, 2]), array([1, 4, 3]))",imb_smotenc,3166.672119140625,uniform,3,"{'min_samples_leaf': 1, 'n_estimators': 150, 'min_samples_split': 2, 'criterion': 'gini', 'max_features': 'sqrt', 'max_depth': None}"
Co-Presence,Doctor,Non-Verbal-A,RF,imb_smotenc,"Index([u'Avg_MeanMeanAngularSpeed_Hand_Mid',
       u'Avg_StdMeanAngularSpeed_Hand_Mid', u'MeanMeanAngularSpeed_Head_Mid',
       u'StdMeanAngularSpeed_Head_Mid'],
      dtype='object')","{'min_samples_leaf': [1, 0.05], 'n_estimators': [150], 'min_samples_split': [2, 0.2], 'criterion': ['gini'], 'max_features': ['sqrt', 0.5, None], 'max_depth': [None, 1, 2]}","(array([0, 1, 2]), array([43, 43, 43]))",0.1,"(array([0, 1, 2]), array([1, 4, 3]))",imb_smotenc,3159.0489349365234,uniform,3,"{'min_samples_leaf': 1, 'n_estimators': 150, 'min_samples_split': 2, 'criterion': 'gini', 'max_features': None, 'max_depth': None}"
Co-Presence,Doctor,Multimodal-A,RF,imb_smotenc,"Index([u'Avg_AnswersDelay_Mid', u'Avg_IPUlen_Mid',
       u'Avg_MeanMeanAngularSpeed_Hand_Mid', u'Avg_SentenceLength_Mid',
       u'Avg_StdMeanAngularSpeed_Hand_Mid', u'MeanMeanAngularSpeed_Head_Mid',
       u'Ratio1_Mid', u'Ratio2_Mid', u'StdMeanAngularSpeed_Head_Mid'],
      dtype='object')","{'min_samples_leaf': [1, 0.05], 'n_estimators': [150], 'min_samples_split': [2, 0.2], 'criterion': ['gini'], 'max_features': ['sqrt', 0.5, None], 'max_depth': [None, 1, 2]}","(array([0, 1, 2]), array([43, 43, 43]))",0.1,"(array([0, 1, 2]), array([1, 4, 3]))",imb_smotenc,3184.1029181480408,uniform,3,"{'min_samples_leaf': 1, 'n_estimators': 150, 'min_samples_split': 2, 'criterion': 'gini', 'max_features': None, 'max_depth': None}"
Co-Presence,Agent,Verbal,RF,imb_smotenc,"Index([u'Avg_AnswersDelay_Mid_agent', u'Avg_IPUlen_Mid_agent',
       u'Avg_SentenceLength_Mid_agent', u'Ratio1_Mid_agent',
       u'Ratio2_Mid_agent'],
      dtype='object')","{'min_samples_leaf': [1, 0.05], 'n_estimators': [150], 'min_samples_split': [2, 0.2], 'criterion': ['gini'], 'max_features': ['sqrt', 0.5, None], 'max_depth': [None, 1, 2]}","(array([0, 1, 2]), array([43, 43, 43]))",0.1,"(array([0, 1, 2]), array([1, 4, 3]))",imb_smotenc,3177.607048034668,uniform,3,"{'min_samples_leaf': 1, 'n_estimators': 150, 'min_samples_split': 2, 'criterion': 'gini', 'max_features': 'sqrt', 'max_depth': None}"
Co-Presence,Agent,Non-Verbal-A,RF,imb_smotenc,"Index([u'Avg_MeanMeanAngularSpeed_Hand_Mid_agent',
       u'Avg_StdMeanAngularSpeed_Hand_Mid_agent',
       u'MeanMeanAngularSpeed_Head_Mid_agent',
       u'StdMeanAngularSpeed_Head_Mid_agent'],
      dtype='object')","{'min_samples_leaf': [1, 0.05], 'n_estimators': [150], 'min_samples_split': [2, 0.2], 'criterion': ['gini'], 'max_features': ['sqrt', 0.5, None], 'max_depth': [None, 1, 2]}","(array([0, 1, 2]), array([43, 43, 43]))",0.1,"(array([0, 1, 2]), array([1, 4, 3]))",imb_smotenc,3157.8872408866882,uniform,3,"{'min_samples_leaf': 1, 'n_estimators': 150, 'min_samples_split': 2, 'criterion': 'gini', 'max_features': 'sqrt', 'max_depth': None}"
Co-Presence,Agent,Multimodal-A,RF,imb_smotenc,"Index([u'Avg_AnswersDelay_Mid_agent', u'Avg_IPUlen_Mid_agent',
       u'Avg_MeanMeanAngularSpeed_Hand_Mid_agent',
       u'Avg_SentenceLength_Mid_agent',
       u'Avg_StdMeanAngularSpeed_Hand_Mid_agent',
       u'MeanMeanAngularSpeed_Head_Mid_agent', u'Ratio1_Mid_agent',
       u'Ratio2_Mid_agent', u'StdMeanAngularSpeed_Head_Mid_agent'],
      dtype='object')","{'min_samples_leaf': [1, 0.05], 'n_estimators': [150], 'min_samples_split': [2, 0.2], 'criterion': ['gini'], 'max_features': ['sqrt', 0.5, None], 'max_depth': [None, 1, 2]}","(array([0, 1, 2]), array([43, 43, 43]))",0.1,"(array([0, 1, 2]), array([1, 4, 3]))",imb_smotenc,3183.8618428707123,uniform,3,"{'min_samples_leaf': 1, 'n_estimators': 150, 'min_samples_split': 2, 'criterion': 'gini', 'max_features': 'sqrt', 'max_depth': None}"
Co-Presence,Doctor+Agent,Verbal,RF,imb_smotenc,"Index([u'Avg_AnswersDelay_Mid', u'Avg_IPUlen_Mid', u'Avg_SentenceLength_Mid',
       u'Ratio1_Mid', u'Ratio2_Mid', u'Avg_AnswersDelay_Mid_agent',
       u'Avg_IPUlen_Mid_agent', u'Avg_SentenceLength_Mid_agent',
       u'Ratio1_Mid_agent', u'Ratio2_Mid_agent'],
      dtype='object')","{'min_samples_leaf': [1, 0.05], 'n_estimators': [150], 'min_samples_split': [2, 0.2], 'criterion': ['gini'], 'max_features': ['sqrt', 0.5, None], 'max_depth': [None, 1, 2]}","(array([0, 1, 2]), array([43, 43, 43]))",0.1,"(array([0, 1, 2]), array([1, 4, 3]))",imb_smotenc,3189.7506029605865,uniform,3,"{'min_samples_leaf': 1, 'n_estimators': 150, 'min_samples_split': 2, 'criterion': 'gini', 'max_features': None, 'max_depth': None}"
Co-Presence,Doctor+Agent,Non-Verbal-A,RF,imb_smotenc,"Index([u'Avg_MeanMeanAngularSpeed_Hand_Mid',
       u'Avg_StdMeanAngularSpeed_Hand_Mid', u'MeanMeanAngularSpeed_Head_Mid',
       u'StdMeanAngularSpeed_Head_Mid',
       u'Avg_MeanMeanAngularSpeed_Hand_Mid_agent',
       u'Avg_StdMeanAngularSpeed_Hand_Mid_agent',
       u'MeanMeanAngularSpeed_Head_Mid_agent',
       u'StdMeanAngularSpeed_Head_Mid_agent'],
      dtype='object')","{'min_samples_leaf': [1, 0.05], 'n_estimators': [150], 'min_samples_split': [2, 0.2], 'criterion': ['gini'], 'max_features': ['sqrt', 0.5, None], 'max_depth': [None, 1, 2]}","(array([0, 1, 2]), array([43, 43, 43]))",0.1,"(array([0, 1, 2]), array([1, 4, 3]))",imb_smotenc,3174.653732061386,uniform,3,"{'min_samples_leaf': 1, 'n_estimators': 150, 'min_samples_split': 2, 'criterion': 'gini', 'max_features': 'sqrt', 'max_depth': None}"
Co-Presence,Doctor+Agent,Multimodal-A,RF,imb_smotenc,"Index([u'Avg_AnswersDelay_Mid', u'Avg_IPUlen_Mid',
       u'Avg_MeanMeanAngularSpeed_Hand_Mid', u'Avg_SentenceLength_Mid',
       u'Avg_StdMeanAngularSpeed_Hand_Mid', u'MeanMeanAngularSpeed_Head_Mid',
       u'Ratio1_Mid', u'Ratio2_Mid', u'StdMeanAngularSpeed_Head_Mid',
       u'Avg_AnswersDelay_Mid_agent', u'Avg_IPUlen_Mid_agent',
       u'Avg_MeanMeanAngularSpeed_Hand_Mid_agent',
       u'Avg_SentenceLength_Mid_agent',
       u'Avg_StdMeanAngularSpeed_Hand_Mid_agent',
       u'MeanMeanAngularSpeed_Head_Mid_agent', u'Ratio1_Mid_agent',
       u'Ratio2_Mid_agent', u'StdMeanAngularSpeed_Head_Mid_agent'],
      dtype='object')","{'min_samples_leaf': [1, 0.05], 'n_estimators': [150], 'min_samples_split': [2, 0.2], 'criterion': ['gini'], 'max_features': ['sqrt', 0.5, None], 'max_depth': [None, 1, 2]}","(array([0, 1, 2]), array([43, 43, 43]))",0.1,"(array([0, 1, 2]), array([1, 4, 3]))",imb_smotenc,3225.8827328681946,uniform,3,"{'min_samples_leaf': 1, 'n_estimators': 150, 'min_samples_split': 2, 'criterion': 'gini', 'max_features': 0.5, 'max_depth': None}"
