Target,Subject,Phases,Classifier,Oversampling,Best Params,Y nb classes,Oversampling,Y strategy,Support,Support (test),Features,Duration,Test set ratio,Grid search params space
Presence,Doctor,No Phase-FULL,NB-G,None,"{'clf__priors': None, 'clf__var_smoothing': 1e-09}",2,None,uniform,"(array([0, 1]), array([29, 56]))","(array([0, 1]), array([3, 6]))","Index(['Duration', 'Expert', 'Avg_AnswersDelay_Mid', 'Avg_HandEntropy_Mid',
       'Avg_IPUlen_Mid', 'Avg_MeanMeanAngularSpeed_Hand_Mid',
       'Avg_SentenceLength_Mid', 'Avg_StdMeanAngularSpeed_Hand_Mid',
       'Head_Entropy_Mid', 'MeanMeanAngularSpeed_Head_Mid', 'Ratio1_Mid',
       'Ratio2_Mid', 'StdMeanAngularSpeed_Head_Mid'],
      dtype='object')",27.28595995903015,0.1,"{'clf__priors': [None], 'clf__var_smoothing': [1e-09]}"
Presence,Doctor,No Phase-FULL,JNCC2,None,{},2,None,uniform,"(array([0, 1]), array([29, 56]))","(array([0, 1]), array([3, 6]))","Index(['Duration', 'Expert', 'Avg_AnswersDelay_Mid', 'Avg_HandEntropy_Mid',
       'Avg_IPUlen_Mid', 'Avg_MeanMeanAngularSpeed_Hand_Mid',
       'Avg_SentenceLength_Mid', 'Avg_StdMeanAngularSpeed_Hand_Mid',
       'Head_Entropy_Mid', 'MeanMeanAngularSpeed_Head_Mid', 'Ratio1_Mid',
       'Ratio2_Mid', 'StdMeanAngularSpeed_Head_Mid'],
      dtype='object')",2273.395081758499,0.1,{}
Presence,Doctor,No Phase-FULL,SVM,None,"{'clf__C': 1.0, 'clf__gamma': 0.1, 'clf__kernel': 'rbf'}",2,None,uniform,"(array([0, 1]), array([29, 56]))","(array([0, 1]), array([3, 6]))","Index(['Duration', 'Expert', 'Avg_AnswersDelay_Mid', 'Avg_HandEntropy_Mid',
       'Avg_IPUlen_Mid', 'Avg_MeanMeanAngularSpeed_Hand_Mid',
       'Avg_SentenceLength_Mid', 'Avg_StdMeanAngularSpeed_Hand_Mid',
       'Head_Entropy_Mid', 'MeanMeanAngularSpeed_Head_Mid', 'Ratio1_Mid',
       'Ratio2_Mid', 'StdMeanAngularSpeed_Head_Mid'],
      dtype='object')",1220.3716242313385,0.1,"{'clf__kernel': ['linear', 'rbf', 'sigmoid', 'poly'], 'clf__C': array([ 0.01,  0.1 ,  1.  , 10.  ]), 'clf__gamma': array([1.e-03, 1.e-02, 1.e-01, 1.e+00, 1.e+01])}"
Presence,Doctor,No Phase-FULL,RF,None,"{'criterion': 'gini', 'max_depth': None, 'max_features': 'sqrt', 'min_samples_leaf': 1, 'n_estimators': 300}",2,None,uniform,"(array([0, 1]), array([29, 56]))","(array([0, 1]), array([3, 6]))","Index(['Duration', 'Expert', 'Avg_AnswersDelay_Mid', 'Avg_HandEntropy_Mid',
       'Avg_IPUlen_Mid', 'Avg_MeanMeanAngularSpeed_Hand_Mid',
       'Avg_SentenceLength_Mid', 'Avg_StdMeanAngularSpeed_Hand_Mid',
       'Head_Entropy_Mid', 'MeanMeanAngularSpeed_Head_Mid', 'Ratio1_Mid',
       'Ratio2_Mid', 'StdMeanAngularSpeed_Head_Mid'],
      dtype='object')",214.5116913318634,0.1,"{'n_estimators': [300], 'max_features': ['sqrt'], 'max_depth': [None], 'min_samples_leaf': [1], 'criterion': ['gini', 'entropy']}"
Co-Presence,Doctor,No Phase-FULL,NB-G,None,"{'clf__priors': None, 'clf__var_smoothing': 1e-09}",2,None,uniform,"(array([0, 1]), array([27, 58]))","(array([0, 1]), array([3, 6]))","Index(['Duration', 'Expert', 'Avg_AnswersDelay_Mid', 'Avg_HandEntropy_Mid',
       'Avg_IPUlen_Mid', 'Avg_MeanMeanAngularSpeed_Hand_Mid',
       'Avg_SentenceLength_Mid', 'Avg_StdMeanAngularSpeed_Hand_Mid',
       'Head_Entropy_Mid', 'MeanMeanAngularSpeed_Head_Mid', 'Ratio1_Mid',
       'Ratio2_Mid', 'StdMeanAngularSpeed_Head_Mid'],
      dtype='object')",28.203449726104736,0.1,"{'clf__priors': [None], 'clf__var_smoothing': [1e-09]}"
Co-Presence,Doctor,No Phase-FULL,JNCC2,None,{},2,None,uniform,"(array([0, 1]), array([27, 58]))","(array([0, 1]), array([3, 6]))","Index(['Duration', 'Expert', 'Avg_AnswersDelay_Mid', 'Avg_HandEntropy_Mid',
       'Avg_IPUlen_Mid', 'Avg_MeanMeanAngularSpeed_Hand_Mid',
       'Avg_SentenceLength_Mid', 'Avg_StdMeanAngularSpeed_Hand_Mid',
       'Head_Entropy_Mid', 'MeanMeanAngularSpeed_Head_Mid', 'Ratio1_Mid',
       'Ratio2_Mid', 'StdMeanAngularSpeed_Head_Mid'],
      dtype='object')",2252.785710334778,0.1,{}
Co-Presence,Doctor,No Phase-FULL,SVM,None,"{'clf__C': 1.0, 'clf__gamma': 10.0, 'clf__kernel': 'sigmoid'}",2,None,uniform,"(array([0, 1]), array([27, 58]))","(array([0, 1]), array([3, 6]))","Index(['Duration', 'Expert', 'Avg_AnswersDelay_Mid', 'Avg_HandEntropy_Mid',
       'Avg_IPUlen_Mid', 'Avg_MeanMeanAngularSpeed_Hand_Mid',
       'Avg_SentenceLength_Mid', 'Avg_StdMeanAngularSpeed_Hand_Mid',
       'Head_Entropy_Mid', 'MeanMeanAngularSpeed_Head_Mid', 'Ratio1_Mid',
       'Ratio2_Mid', 'StdMeanAngularSpeed_Head_Mid'],
      dtype='object')",1229.7436051368713,0.1,"{'clf__kernel': ['linear', 'rbf', 'sigmoid', 'poly'], 'clf__C': array([ 0.01,  0.1 ,  1.  , 10.  ]), 'clf__gamma': array([1.e-03, 1.e-02, 1.e-01, 1.e+00, 1.e+01])}"
Co-Presence,Doctor,No Phase-FULL,RF,None,"{'criterion': 'gini', 'max_depth': None, 'max_features': 'sqrt', 'min_samples_leaf': 1, 'n_estimators': 300}",2,None,uniform,"(array([0, 1]), array([27, 58]))","(array([0, 1]), array([3, 6]))","Index(['Duration', 'Expert', 'Avg_AnswersDelay_Mid', 'Avg_HandEntropy_Mid',
       'Avg_IPUlen_Mid', 'Avg_MeanMeanAngularSpeed_Hand_Mid',
       'Avg_SentenceLength_Mid', 'Avg_StdMeanAngularSpeed_Hand_Mid',
       'Head_Entropy_Mid', 'MeanMeanAngularSpeed_Head_Mid', 'Ratio1_Mid',
       'Ratio2_Mid', 'StdMeanAngularSpeed_Head_Mid'],
      dtype='object')",215.2762701511383,0.1,"{'n_estimators': [300], 'max_features': ['sqrt'], 'max_depth': [None], 'min_samples_leaf': [1], 'criterion': ['gini', 'entropy']}"
