Target,Subject,Mode,Classifier,Oversampling,Features,Grid search params space,Support,Test set ratio,Support (test),Oversampling,Duration,Y strategy,Y nb classes,Best Params
Presence,Doctor,Verbal,RF,None,"Index([u'Avg_AnswersDelay_Mid', u'Avg_IPUlen_Mid', u'Avg_SentenceLength_Mid',
       u'Ratio1_Mid', u'Ratio2_Mid'],
      dtype='object')","{'min_samples_leaf': [1, 0.05], 'n_estimators': [150], 'min_samples_split': [2, 0.2], 'criterion': ['gini'], 'max_features': ['sqrt', 0.5, None], 'max_depth': [None, 1, 2]}","(array([0, 1]), array([35, 51]))",0.1,"(array([0, 1]), array([3, 5]))",None,2748.539652109146,kmeans,2,"{'min_samples_leaf': 0.05, 'n_estimators': 150, 'min_samples_split': 2, 'criterion': 'gini', 'max_features': None, 'max_depth': 1}"
Presence,Doctor,Non-Verbal-A,RF,None,"Index([u'Avg_MeanMeanAngularSpeed_Hand_Mid',
       u'Avg_StdMeanAngularSpeed_Hand_Mid', u'MeanMeanAngularSpeed_Head_Mid',
       u'StdMeanAngularSpeed_Head_Mid'],
      dtype='object')","{'min_samples_leaf': [1, 0.05], 'n_estimators': [150], 'min_samples_split': [2, 0.2], 'criterion': ['gini'], 'max_features': ['sqrt', 0.5, None], 'max_depth': [None, 1, 2]}","(array([0, 1]), array([35, 51]))",0.1,"(array([0, 1]), array([3, 5]))",None,2744.3238530158997,kmeans,2,"{'min_samples_leaf': 1, 'n_estimators': 150, 'min_samples_split': 0.2, 'criterion': 'gini', 'max_features': 'sqrt', 'max_depth': None}"
Presence,Doctor,Multimodal-A,RF,None,"Index([u'Avg_AnswersDelay_Mid', u'Avg_IPUlen_Mid',
       u'Avg_MeanMeanAngularSpeed_Hand_Mid', u'Avg_SentenceLength_Mid',
       u'Avg_StdMeanAngularSpeed_Hand_Mid', u'MeanMeanAngularSpeed_Head_Mid',
       u'Ratio1_Mid', u'Ratio2_Mid', u'StdMeanAngularSpeed_Head_Mid'],
      dtype='object')","{'min_samples_leaf': [1, 0.05], 'n_estimators': [150], 'min_samples_split': [2, 0.2], 'criterion': ['gini'], 'max_features': ['sqrt', 0.5, None], 'max_depth': [None, 1, 2]}","(array([0, 1]), array([35, 51]))",0.1,"(array([0, 1]), array([3, 5]))",None,2756.159707069397,kmeans,2,"{'min_samples_leaf': 1, 'n_estimators': 150, 'min_samples_split': 2, 'criterion': 'gini', 'max_features': 0.5, 'max_depth': None}"
Presence,Agent,Verbal,RF,None,"Index([u'Avg_AnswersDelay_Mid_agent', u'Avg_IPUlen_Mid_agent',
       u'Avg_SentenceLength_Mid_agent', u'Ratio1_Mid_agent',
       u'Ratio2_Mid_agent'],
      dtype='object')","{'min_samples_leaf': [1, 0.05], 'n_estimators': [150], 'min_samples_split': [2, 0.2], 'criterion': ['gini'], 'max_features': ['sqrt', 0.5, None], 'max_depth': [None, 1, 2]}","(array([0, 1]), array([35, 51]))",0.1,"(array([0, 1]), array([3, 5]))",None,2749.1959459781647,kmeans,2,"{'min_samples_leaf': 0.05, 'n_estimators': 150, 'min_samples_split': 0.2, 'criterion': 'gini', 'max_features': 'sqrt', 'max_depth': None}"
Presence,Agent,Non-Verbal-A,RF,None,"Index([u'Avg_MeanMeanAngularSpeed_Hand_Mid_agent',
       u'Avg_StdMeanAngularSpeed_Hand_Mid_agent',
       u'MeanMeanAngularSpeed_Head_Mid_agent',
       u'StdMeanAngularSpeed_Head_Mid_agent'],
      dtype='object')","{'min_samples_leaf': [1, 0.05], 'n_estimators': [150], 'min_samples_split': [2, 0.2], 'criterion': ['gini'], 'max_features': ['sqrt', 0.5, None], 'max_depth': [None, 1, 2]}","(array([0, 1]), array([35, 51]))",0.1,"(array([0, 1]), array([3, 5]))",None,2751.8474950790405,kmeans,2,"{'min_samples_leaf': 1, 'n_estimators': 150, 'min_samples_split': 2, 'criterion': 'gini', 'max_features': None, 'max_depth': 1}"
Presence,Agent,Multimodal-A,RF,None,"Index([u'Avg_AnswersDelay_Mid_agent', u'Avg_IPUlen_Mid_agent',
       u'Avg_MeanMeanAngularSpeed_Hand_Mid_agent',
       u'Avg_SentenceLength_Mid_agent',
       u'Avg_StdMeanAngularSpeed_Hand_Mid_agent',
       u'MeanMeanAngularSpeed_Head_Mid_agent', u'Ratio1_Mid_agent',
       u'Ratio2_Mid_agent', u'StdMeanAngularSpeed_Head_Mid_agent'],
      dtype='object')","{'min_samples_leaf': [1, 0.05], 'n_estimators': [150], 'min_samples_split': [2, 0.2], 'criterion': ['gini'], 'max_features': ['sqrt', 0.5, None], 'max_depth': [None, 1, 2]}","(array([0, 1]), array([35, 51]))",0.1,"(array([0, 1]), array([3, 5]))",None,2759.254546880722,kmeans,2,"{'min_samples_leaf': 0.05, 'n_estimators': 150, 'min_samples_split': 0.2, 'criterion': 'gini', 'max_features': None, 'max_depth': None}"
Presence,Doctor+Agent,Verbal,RF,None,"Index([u'Avg_AnswersDelay_Mid', u'Avg_IPUlen_Mid', u'Avg_SentenceLength_Mid',
       u'Ratio1_Mid', u'Ratio2_Mid', u'Avg_AnswersDelay_Mid_agent',
       u'Avg_IPUlen_Mid_agent', u'Avg_SentenceLength_Mid_agent',
       u'Ratio1_Mid_agent', u'Ratio2_Mid_agent'],
      dtype='object')","{'min_samples_leaf': [1, 0.05], 'n_estimators': [150], 'min_samples_split': [2, 0.2], 'criterion': ['gini'], 'max_features': ['sqrt', 0.5, None], 'max_depth': [None, 1, 2]}","(array([0, 1]), array([35, 51]))",0.1,"(array([0, 1]), array([3, 5]))",None,2768.917236804962,kmeans,2,"{'min_samples_leaf': 1, 'n_estimators': 150, 'min_samples_split': 0.2, 'criterion': 'gini', 'max_features': 0.5, 'max_depth': None}"
Presence,Doctor+Agent,Non-Verbal-A,RF,None,"Index([u'Avg_MeanMeanAngularSpeed_Hand_Mid',
       u'Avg_StdMeanAngularSpeed_Hand_Mid', u'MeanMeanAngularSpeed_Head_Mid',
       u'StdMeanAngularSpeed_Head_Mid',
       u'Avg_MeanMeanAngularSpeed_Hand_Mid_agent',
       u'Avg_StdMeanAngularSpeed_Hand_Mid_agent',
       u'MeanMeanAngularSpeed_Head_Mid_agent',
       u'StdMeanAngularSpeed_Head_Mid_agent'],
      dtype='object')","{'min_samples_leaf': [1, 0.05], 'n_estimators': [150], 'min_samples_split': [2, 0.2], 'criterion': ['gini'], 'max_features': ['sqrt', 0.5, None], 'max_depth': [None, 1, 2]}","(array([0, 1]), array([35, 51]))",0.1,"(array([0, 1]), array([3, 5]))",None,2750.131535053253,kmeans,2,"{'min_samples_leaf': 0.05, 'n_estimators': 150, 'min_samples_split': 0.2, 'criterion': 'gini', 'max_features': None, 'max_depth': None}"
Presence,Doctor+Agent,Multimodal-A,RF,None,"Index([u'Avg_AnswersDelay_Mid', u'Avg_IPUlen_Mid',
       u'Avg_MeanMeanAngularSpeed_Hand_Mid', u'Avg_SentenceLength_Mid',
       u'Avg_StdMeanAngularSpeed_Hand_Mid', u'MeanMeanAngularSpeed_Head_Mid',
       u'Ratio1_Mid', u'Ratio2_Mid', u'StdMeanAngularSpeed_Head_Mid',
       u'Avg_AnswersDelay_Mid_agent', u'Avg_IPUlen_Mid_agent',
       u'Avg_MeanMeanAngularSpeed_Hand_Mid_agent',
       u'Avg_SentenceLength_Mid_agent',
       u'Avg_StdMeanAngularSpeed_Hand_Mid_agent',
       u'MeanMeanAngularSpeed_Head_Mid_agent', u'Ratio1_Mid_agent',
       u'Ratio2_Mid_agent', u'StdMeanAngularSpeed_Head_Mid_agent'],
      dtype='object')","{'min_samples_leaf': [1, 0.05], 'n_estimators': [150], 'min_samples_split': [2, 0.2], 'criterion': ['gini'], 'max_features': ['sqrt', 0.5, None], 'max_depth': [None, 1, 2]}","(array([0, 1]), array([35, 51]))",0.1,"(array([0, 1]), array([3, 5]))",None,2778.4478781223297,kmeans,2,"{'min_samples_leaf': 1, 'n_estimators': 150, 'min_samples_split': 0.2, 'criterion': 'gini', 'max_features': None, 'max_depth': 2}"
